title,url,description
Google,http://www.google.com,Google search site
Yahoo,http://www.yahoo.com,Yahoo search site
Google,http://www.google.com,Google’s mission is to organize the world’s information and make it universally accessible and useful.
Ruby Docs,http://ruby-doc.org/,Help and documentation for the Ruby programming language.
Google,http://www.google.com,Google’s mission is to organize the world’s information and make it universally accessible and useful.
Treehouse,http://teamtreehouse.com/home,"This is your learning mission control, providing you with an overview of your current progress and total points earned at Treehouse."
Treehouse,http://teamtreehouse.com/home,"This is your learning mission control, providing you with an overview of your current progress and total points earned at Treehouse."
new article,http://www.hellow.com,This is a test of a completely new entry.
another new article,http://www.anothernew.com,blblbsdlldhlsjlfkdjskdkdkdkdkd
